{
  "_id": "d7091f0c-6dfd-4879-8c24-e3d77fa2f3f9",
  "inferenceEngine": {
    "modelId": "4cf651d9-edf3-455f-a22e-53cc67fcc07b"
  },
  "integrationId": "travel-planning-assistant-1378",
  "integrations": {},
  "intentClassification": {
    "modelId": "4cf651d9-edf3-455f-a22e-53cc67fcc07b"
  },
  "name": "Travel Planning Assistant",
  "publisherAccountId": "b5be3cd9-307e-4925-b5e5-db6ff9ea287b",
  "status": "Active",
  "useAsChatbot": true,
  "variables": {
    "secrets": []
  },
  "miniAgentIds": [
    "8fad741a-384c-43b7-bfe5-5c884debf53a",
    "df3eafd9-504e-4857-b3ae-5f28c6f9ba3d",
    "dc82612b-4bf9-4fc0-b7b7-b0ff26d722ab"
  ],
  "miniAgents": [
    {
      "_id": "df3eafd9-504e-4857-b3ae-5f28c6f9ba3d",
      "integrationId": "destination-guide-6387",
      "intents": [
        {
          "_id": "suggest-places-6387",
          "name": "Suggest Places",
          "description": "Recommends popular tourist attractions and activities at the user's destination, tailored to their interests and the time of year.",
          "examples": [
            "What are the must-see places in Rome?",
            "Suggest some activities for a summer trip to Sydney.",
            "What can I do in London during winter?"
          ],
          "flowType": "Workflow",
          "workflowId": "89260cb1-632f-4e85-9a86-c6c97b919f61"
        },
        {
          "_id": "local-events-6387",
          "name": "Local Events",
          "description": "Informs users about local events, festivals, or special activities happening at their destination during their travel dates.",
          "examples": [
            "Are there any festivals in Barcelona next week?",
            "What events are happening in San Francisco in March?",
            "Tell me about any concerts in Berlin during my visit."
          ],
          "flowType": "Workflow",
          "workflowId": "a6dc5d76-f0db-423e-b51a-8561c6d57529"
        }
      ],
      "name": "Destination Guide",
      "scope": "Provides suggestions for famous places to visit and activities to do at the user's travel destination, based on their interests and the season of travel.",
      "miniAgentId": "df3eafd9-504e-4857-b3ae-5f28c6f9ba3d"
    },
    {
      "_id": "8fad741a-384c-43b7-bfe5-5c884debf53a",
      "integrationId": "itinerary-planner-3874",
      "intents": [
        {
          "_id": "create-itinerary-3875",
          "name": "Create Itinerary",
          "description": "Generates a day-by-day travel itinerary for the user, considering their destination, travel duration, and preferences.",
          "examples": [
            "Can you help me plan a 5-day trip to Paris?",
            "I need an itinerary for my vacation in Tokyo.",
            "Plan my week-long trip to New York with activities and accommodations."
          ],
          "flowType": "Workflow",
          "workflowId": "b39f87d5-f3ba-4699-8728-d5d2e1674db6"
        },
        {
          "_id": "modify-itinerary-3875",
          "name": "Modify Itinerary",
          "description": "Allows users to make changes to their existing travel itinerary, such as adding or removing activities or changing accommodations.",
          "examples": [
            "Add a museum visit to my itinerary.",
            "Remove the city tour from my schedule.",
            "Change my hotel booking to a different location."
          ],
          "flowType": "Workflow",
          "workflowId": "7820679d-a4b5-47ff-8241-a481b7e6bef1"
        }
      ],
      "name": "Itinerary Planner",
      "scope": "Handles queries related to creating a detailed travel itinerary based on user inputs such as destination, travel duration, and personal preferences. It includes scheduling activities, booking accommodations, and planning transportation.",
      "miniAgentId": "8fad741a-384c-43b7-bfe5-5c884debf53a"
    },
    {
      "_id": "dc82612b-4bf9-4fc0-b7b7-b0ff26d722ab",
      "integrationId": "packing-assistant-8675",
      "intents": [
        {
          "_id": "generate-packing-list-8675",
          "name": "Generate Packing List",
          "description": "Creates a comprehensive packing list for the user, considering the destination's climate, travel duration, and personal needs.",
          "examples": [
            "What should I pack for a week in Hawaii?",
            "Help me with a packing list for my winter trip to Canada.",
            "What do I need to bring for a business trip to Singapore?"
          ],
          "flowType": "Workflow",
          "workflowId": "09ec376e-6ca1-4122-a841-07cb2ab124c3"
        },
        {
          "_id": "update-packing-list-8675",
          "name": "Update Packing List",
          "description": "Allows users to update their packing list by adding or removing items based on changes in their travel plans or preferences.",
          "examples": [
            "Add a raincoat to my packing list.",
            "Remove the hiking boots from my list.",
            "Update my list for a longer stay."
          ],
          "flowType": "Workflow",
          "workflowId": "07dcafe5-db8f-42da-8e23-997c9be92641"
        }
      ],
      "name": "Packing Assistant",
      "scope": "Generates a personalized packing list for the user based on their travel destination, duration, preferences, and the season.",
      "miniAgentId": "dc82612b-4bf9-4fc0-b7b7-b0ff26d722ab"
    }
  ],
  "rags": [],
  "intentWorkflows": [
    {
      "_id": "07dcafe5-db8f-42da-8e23-997c9be92641",
      "integrationId": "update-packing-list-8284",
      "name": "Workflow for Update Packing List"
    },
    {
      "_id": "09ec376e-6ca1-4122-a841-07cb2ab124c3",
      "integrationId": "generate-packing-list-8284",
      "name": "Workflow for Generate Packing List"
    },
    {
      "_id": "7820679d-a4b5-47ff-8241-a481b7e6bef1",
      "integrationId": "modify-itinerary-3711",
      "name": "Workflow for Modify Itinerary"
    },
    {
      "_id": "89260cb1-632f-4e85-9a86-c6c97b919f61",
      "integrationId": "suggest-places-5999",
      "name": "Workflow for Suggest Places"
    },
    {
      "_id": "a6dc5d76-f0db-423e-b51a-8561c6d57529",
      "integrationId": "local-events-5999",
      "name": "Workflow for Local Events"
    },
    {
      "_id": "b39f87d5-f3ba-4699-8728-d5d2e1674db6",
      "integrationId": "create-itinerary-3711",
      "name": "Workflow for Create Itinerary"
    }
  ]
}