{
  "_id": "b39f87d5-f3ba-4699-8728-d5d2e1674db6",
  "aiPersonaId": "d7091f0c-6dfd-4879-8c24-e3d77fa2f3f9",
  "integrationId": "create-itinerary-3711",
  "name": "Workflow for Create Itinerary",
  "publisherAccountId": "b5be3cd9-307e-4925-b5e5-db6ff9ea287b",
  "startTaskId": "1742810542461",
  "status": "Active",
  "tasks": [
    {
      "_id": "e54d7c6a-0332-4dd8-b9bb-c27203a23d6d",
      "type": "Display",
      "config": {
        "description": "Display the response to the user",
        "name": "Display",
        "type": "text",
        "text": "<p><span class=\"text-inherit p-0 m-0 text-primary-dark bg-primary-light/80\" data-type=\"mention\" data-id=\"input.content\">$input.content</span> </p>",
        "formatVariables": []
      },
      "transitions": []
    },
    {
      "_id": "1742810542461",
      "type": "Loader",
      "config": {
        "description": "Show loading messages in conversation",
        "name": "Loader",
        "text": ""
      },
      "transitions": [
        {
          "name": "Default",
          "_id": "1742810542461-1742810556158",
          "nextTask": "1742810556158"
        }
      ]
    },
    {
      "_id": "1742810556158",
      "type": "Input",
      "config": {
        "description": "Take user input",
        "name": "Input",
        "type": "string"
      },
      "transitions": [
        {
          "name": "Default",
          "_id": "1742810556158-1742810568913",
          "nextTask": "1742810568913"
        }
      ]
    },
    {
      "_id": "1742810568913",
      "type": "Prompt",
      "config": {
        "description": "Prompt for LLM",
        "name": "Prompt",
        "modelId": "44a9dd9e-8729-4781-968c-07029dc857cc",
        "systemPrompt": "Trip Overview:\nDestination: {User Destination}\n\nDuration: {User Travel Duration} days\n\nBudget: {User Budget} (Low, Medium, High)\n\nInterests: {User Interests} (Adventure, Culture, Food, Relaxation, etc.)\n\nDay-wise Itinerary:\nDay 1:\n\nMorning: Activity (e.g., city tour, breakfast recommendations)\n\nAfternoon: Activity (e.g., local attraction, museum, adventure sports)\n\nEvening: Activity (e.g., dinner at a famous local restaurant, nightlife options)\n\nDay 2: (Repeat for each day of the trip)\n\nAdditional Details:\nEstimated Budget Breakdown: Accommodation, food, transport, activities\n\nLocal Travel Tips: Best transport options, cultural etiquette\n\nMust-Try Foods: List of local delicacies\n\nPacking Tips: Essentials based on climate and activities\n\nGuidelines:\n✅ Ensure the itinerary aligns with the user’s travel preferences (budget, interests, destination).\n✅ Provide diverse activity recommendations (e.g., sightseeing, food experiences, adventure activities).\n✅ Include real-time information if API integration is available (e.g., weather, events, transportation).\n✅ If the user has no specific preferences, suggest a well-balanced itinerary with popular attractions.",
        "base64DocumentData": "",
        "documentIds": "",
        "responseFormat": "text",
        "query": "Suggest 3-5 local events based on:  Event Type: {User Interest}  Location: {User Location}  Date Range: {User Preferred Dates}  Budget: {User Budget}\"",
        "temperature": null
      },
      "transitions": [
        {
          "name": "Default",
          "_id": "1742810568913-e54d7c6a-0332-4dd8-b9bb-c27203a23d6d",
          "nextTask": "e54d7c6a-0332-4dd8-b9bb-c27203a23d6d"
        }
      ]
    }
  ],
  "type": "Conversational",
  "version": "latest",
  "reactflow": {
    "viewport": {
      "x": 280.0270738115686,
      "y": 110.6545526703892,
      "zoom": 0.6361754617680239
    },
    "nodes": [
      {
        "id": "0",
        "type": "Start",
        "position": {
          "x": 360,
          "y": 400
        },
        "data": {},
        "deletable": false,
        "measured": {
          "width": 301,
          "height": 136
        },
        "selected": false
      },
      {
        "position": {
          "x": 987.7058177478834,
          "y": 503.70584307878374
        },
        "type": "Display",
        "id": "e54d7c6a-0332-4dd8-b9bb-c27203a23d6d",
        "data": {},
        "measured": {
          "width": 298,
          "height": 78
        },
        "selected": false,
        "dragging": false
      },
      {
        "position": {
          "x": 475,
          "y": 142
        },
        "type": "Loader",
        "id": "1742810542461",
        "data": {},
        "measured": {
          "width": 320,
          "height": 78
        },
        "selected": false,
        "dragging": false
      },
      {
        "position": {
          "x": 1007.385642734009,
          "y": 142
        },
        "type": "Input",
        "id": "1742810556158",
        "data": {},
        "measured": {
          "width": 260,
          "height": 78
        },
        "selected": false,
        "dragging": false
      },
      {
        "position": {
          "x": 1007.385642734009,
          "y": 302.5606381007107
        },
        "type": "Prompt",
        "id": "1742810568913",
        "data": {},
        "measured": {
          "width": 260,
          "height": 78
        },
        "selected": false,
        "dragging": false
      }
    ],
    "edges": [
      {
        "id": "xy-edge__00-source-1-17428105424611742810542461-target-1",
        "type": "Start",
        "source": "0",
        "target": "1742810542461",
        "markerEnd": {
          "type": "arrowclosed",
          "width": 22,
          "height": 22
        },
        "sourceHandle": "0-source-1",
        "selected": false,
        "targetHandle": "1742810542461-target-1"
      },
      {
        "type": "Transition",
        "id": "1742810542461-1742810556158",
        "source": "1742810542461",
        "target": "1742810556158",
        "markerEnd": {
          "type": "arrowclosed",
          "width": 22,
          "height": 22
        },
        "sourceHandle": "1742810542461-source-1",
        "targetHandle": "1742810556158-target-1",
        "selected": false
      },
      {
        "type": "Transition",
        "id": "1742810556158-1742810568913",
        "source": "1742810556158",
        "target": "1742810568913",
        "markerEnd": {
          "type": "arrowclosed",
          "width": 22,
          "height": 22
        },
        "sourceHandle": "1742810556158-source-3",
        "targetHandle": "1742810568913-target-2",
        "selected": false
      },
      {
        "type": "Transition",
        "id": "1742810568913-e54d7c6a-0332-4dd8-b9bb-c27203a23d6d",
        "source": "1742810568913",
        "target": "e54d7c6a-0332-4dd8-b9bb-c27203a23d6d",
        "markerEnd": {
          "type": "arrowclosed",
          "width": 22,
          "height": 22
        },
        "sourceHandle": "1742810568913-source-3",
        "targetHandle": "e54d7c6a-0332-4dd8-b9bb-c27203a23d6d-target-2",
        "selected": false
      }
    ]
  }
}