{
  "_id": "09ec376e-6ca1-4122-a841-07cb2ab124c3",
  "aiPersonaId": "d7091f0c-6dfd-4879-8c24-e3d77fa2f3f9",
  "integrationId": "generate-packing-list-8284",
  "name": "Workflow for Generate Packing List",
  "publisherAccountId": "b5be3cd9-307e-4925-b5e5-db6ff9ea287b",
  "startTaskId": "1742806855450",
  "status": "Active",
  "tasks": [
    {
      "_id": "0eb43a1a-71d5-42ee-8f78-068e58ede4ec",
      "type": "Display",
      "config": {
        "description": "Display the response to the user",
        "name": "Display",
        "type": "suggestions",
        "text": "<p><span class=\"text-inherit p-0 m-0 text-primary-dark bg-primary-light/80\" data-type=\"mention\" data-id=\"input.content\">$input.content</span> </p>",
        "formatVariables": [],
        "suggestions": [
          "$input.content"
        ]
      },
      "transitions": []
    },
    {
      "_id": "1742806855450",
      "type": "Loader",
      "config": {
        "description": "Show loading messages in conversation",
        "name": "Loader",
        "text": "Generating your packing list based on your trip details... Please wait!"
      },
      "transitions": [
        {
          "name": "Default",
          "_id": "1742806855450-1742806869592",
          "nextTask": "1742806869592"
        }
      ]
    },
    {
      "_id": "1742806869592",
      "type": "Input",
      "config": {
        "description": "Take user input",
        "name": "Input",
        "type": "string"
      },
      "transitions": [
        {
          "name": "Default",
          "_id": "1742806869592-1742806891763",
          "nextTask": "1742806891763"
        }
      ]
    },
    {
      "_id": "1742806891763",
      "type": "Prompt",
      "config": {
        "description": "Prompt for LLM",
        "name": "Prompt",
        "modelId": "44a9dd9e-8729-4781-968c-07029dc857cc",
        "base64DocumentData": "",
        "documentIds": "",
        "responseFormat": "text",
        "query": "Generate a packing list for: - Destination: {User Destination} - Duration: {User Trip Duration} days - Expected Weather: {Weather Conditions} - Activities: {User Activities} -",
        "systemPrompt": "You are an AI assistant that generates optimized packing lists for users based on their travel details. \nYour task is to provide a well-structured, weather-appropriate, and activity-specific packing list.\n\nOutput Structure:\n- Essentials: Passport, wallet, phone, charger, etc.\n- Clothing: Based on trip duration and weather.\n- Footwear: Adjusted for activities (hiking, formal, casual).\n- Toiletries: Shampoo, toothpaste, skincare, etc.\n- Electronics: Laptop, camera, adapters if needed.\n- Activity-Specific Items: Swimsuits, hiking gear, business attire.\n\nGuidelines:\n- Ensure the list is clear and structured.\n- Optimize for travel light but fully prepared.\n- Include special notes (e.g., \"Pack a raincoat for potential showers\").\n- Highlight any missing details that the user might need to clarify.\n-",
        "temperature": null
      },
      "transitions": [
        {
          "name": "Default",
          "_id": "1742806891763-0eb43a1a-71d5-42ee-8f78-068e58ede4ec",
          "nextTask": "0eb43a1a-71d5-42ee-8f78-068e58ede4ec"
        }
      ]
    }
  ],
  "type": "Conversational",
  "version": "latest",
  "reactflow": {
    "viewport": {
      "x": 98.85712159558113,
      "y": 17.95634868417025,
      "zoom": 0.6660554310201577
    },
    "nodes": [
      {
        "id": "0",
        "type": "Start",
        "position": {
          "x": 360,
          "y": 400
        },
        "data": {},
        "deletable": false,
        "measured": {
          "width": 301,
          "height": 136
        },
        "selected": false
      },
      {
        "position": {
          "x": 947.5460184413738,
          "y": 536
        },
        "type": "Display",
        "id": "0eb43a1a-71d5-42ee-8f78-068e58ede4ec",
        "data": {},
        "measured": {
          "width": 298,
          "height": 78
        },
        "selected": false,
        "dragging": false
      },
      {
        "position": {
          "x": 439.5090790077792,
          "y": 85.21681603462932
        },
        "type": "Loader",
        "id": "1742806855450",
        "data": {},
        "measured": {
          "width": 320,
          "height": 78
        },
        "selected": false,
        "dragging": false
      },
      {
        "position": {
          "x": 965.2753897126366,
          "y": 85.21681603462932
        },
        "type": "Input",
        "id": "1742806869592",
        "data": {},
        "measured": {
          "width": 260,
          "height": 78
        },
        "selected": false,
        "dragging": false
      },
      {
        "position": {
          "x": 965.2753897126366,
          "y": 293.74973115999256
        },
        "type": "Prompt",
        "id": "1742806891763",
        "data": {},
        "measured": {
          "width": 260,
          "height": 78
        },
        "selected": false,
        "dragging": false
      }
    ],
    "edges": [
      {
        "id": "xy-edge__00-source-1-17428068554501742806855450-target-3",
        "type": "Start",
        "source": "0",
        "target": "1742806855450",
        "markerEnd": {
          "type": "arrowclosed",
          "width": 22,
          "height": 22
        },
        "sourceHandle": "0-source-1",
        "selected": false,
        "targetHandle": "1742806855450-target-3"
      },
      {
        "type": "Transition",
        "id": "1742806855450-1742806869592",
        "source": "1742806855450",
        "target": "1742806869592",
        "markerEnd": {
          "type": "arrowclosed",
          "width": 22,
          "height": 22
        },
        "sourceHandle": "1742806855450-source-1",
        "targetHandle": "1742806869592-target-1",
        "selected": false
      },
      {
        "type": "Transition",
        "id": "1742806869592-1742806891763",
        "source": "1742806869592",
        "target": "1742806891763",
        "markerEnd": {
          "type": "arrowclosed",
          "width": 22,
          "height": 22
        },
        "sourceHandle": "1742806869592-source-3",
        "targetHandle": "1742806891763-target-2",
        "selected": false
      },
      {
        "type": "Transition",
        "id": "1742806891763-0eb43a1a-71d5-42ee-8f78-068e58ede4ec",
        "source": "1742806891763",
        "target": "0eb43a1a-71d5-42ee-8f78-068e58ede4ec",
        "markerEnd": {
          "type": "arrowclosed",
          "width": 22,
          "height": 22
        },
        "sourceHandle": "1742806891763-source-3",
        "targetHandle": "0eb43a1a-71d5-42ee-8f78-068e58ede4ec-target-2",
        "selected": false
      }
    ]
  }
}