{
  "_id": "a6dc5d76-f0db-423e-b51a-8561c6d57529",
  "aiPersonaId": "d7091f0c-6dfd-4879-8c24-e3d77fa2f3f9",
  "integrationId": "local-events-5999",
  "name": "Workflow for Local Events",
  "publisherAccountId": "b5be3cd9-307e-4925-b5e5-db6ff9ea287b",
  "startTaskId": "1742809346579",
  "status": "Active",
  "tasks": [
    {
      "_id": "acf13c1b-3de4-4d71-a621-842630297b81",
      "type": "Display",
      "config": {
        "description": "Display the response to the user",
        "name": "Display",
        "type": "text",
        "text": "Hi there! Intent $input.intent has been matched",
        "formatVariables": []
      },
      "transitions": []
    },
    {
      "_id": "1742809346579",
      "type": "Loader",
      "config": {
        "description": "Show loading messages in conversation",
        "name": "Loader",
        "text": "Finding the best local events for you... Please wait!\""
      },
      "transitions": [
        {
          "name": "Default",
          "_id": "1742809346579-1742809353527",
          "nextTask": "1742809353527"
        }
      ]
    },
    {
      "_id": "1742809353527",
      "type": "Input",
      "config": {
        "description": "Take user input",
        "name": "Input",
        "type": "string"
      },
      "transitions": [
        {
          "name": "Default",
          "_id": "1742809353527-1742809364709",
          "nextTask": "1742809364709"
        }
      ]
    },
    {
      "_id": "1742809364709",
      "type": "Prompt",
      "config": {
        "description": "Prompt for LLM",
        "name": "Prompt",
        "modelId": "44a9dd9e-8729-4781-968c-07029dc857cc",
        "systemPrompt": "",
        "base64DocumentData": "",
        "documentIds": "",
        "responseFormat": "text",
        "query": "",
        "temperature": null
      },
      "transitions": [
        {
          "name": "Default",
          "_id": "1742809364709-acf13c1b-3de4-4d71-a621-842630297b81",
          "nextTask": "acf13c1b-3de4-4d71-a621-842630297b81"
        }
      ]
    }
  ],
  "type": "Conversational",
  "version": "latest",
  "reactflow": {
    "viewport": {
      "x": 119.95023396805755,
      "y": 32.66034520512551,
      "zoom": 0.7505500294164081
    },
    "nodes": [
      {
        "id": "0",
        "type": "Start",
        "position": {
          "x": 360,
          "y": 400
        },
        "data": {},
        "deletable": false,
        "measured": {
          "width": 301,
          "height": 136
        },
        "selected": false
      },
      {
        "position": {
          "x": 1107.115437026089,
          "y": 501.25907270844283
        },
        "type": "Display",
        "id": "acf13c1b-3de4-4d71-a621-842630297b81",
        "data": {},
        "measured": {
          "width": 298,
          "height": 78
        },
        "selected": false,
        "dragging": false
      },
      {
        "position": {
          "x": 520,
          "y": 135
        },
        "type": "Loader",
        "id": "1742809346579",
        "data": {},
        "measured": {
          "width": 320,
          "height": 78
        },
        "selected": false,
        "dragging": false
      },
      {
        "position": {
          "x": 1099.8094628703468,
          "y": 135
        },
        "type": "Input",
        "id": "1742809353527",
        "data": {},
        "measured": {
          "width": 260,
          "height": 78
        },
        "selected": false,
        "dragging": false
      },
      {
        "position": {
          "x": 1120.4389992245683,
          "y": 335.32942487939175
        },
        "type": "Prompt",
        "id": "1742809364709",
        "data": {},
        "measured": {
          "width": 260,
          "height": 78
        },
        "selected": false,
        "dragging": false
      }
    ],
    "edges": [
      {
        "id": "xy-edge__00-source-1-17428093465791742809346579-target-1",
        "type": "Start",
        "source": "0",
        "target": "1742809346579",
        "markerEnd": {
          "type": "arrowclosed",
          "width": 22,
          "height": 22
        },
        "sourceHandle": "0-source-1",
        "selected": false,
        "targetHandle": "1742809346579-target-1"
      },
      {
        "type": "Transition",
        "id": "1742809346579-1742809353527",
        "source": "1742809346579",
        "target": "1742809353527",
        "markerEnd": {
          "type": "arrowclosed",
          "width": 22,
          "height": 22
        },
        "sourceHandle": "1742809346579-source-1",
        "targetHandle": "1742809353527-target-1",
        "selected": false
      },
      {
        "type": "Transition",
        "id": "1742809353527-1742809364709",
        "source": "1742809353527",
        "target": "1742809364709",
        "markerEnd": {
          "type": "arrowclosed",
          "width": 22,
          "height": 22
        },
        "sourceHandle": "1742809353527-source-3",
        "targetHandle": "1742809364709-target-2",
        "selected": false
      },
      {
        "type": "Transition",
        "id": "1742809364709-acf13c1b-3de4-4d71-a621-842630297b81",
        "source": "1742809364709",
        "target": "acf13c1b-3de4-4d71-a621-842630297b81",
        "markerEnd": {
          "type": "arrowclosed",
          "width": 22,
          "height": 22
        },
        "sourceHandle": "1742809364709-source-3",
        "targetHandle": "acf13c1b-3de4-4d71-a621-842630297b81-target-2",
        "selected": false
      }
    ]
  }
}