{
  "_id": "bb074cd6-1b5c-4014-9b30-91b60c9f964f",
  "aiPersonaId": "d7091f0c-6dfd-4879-8c24-e3d77fa2f3f9",
  "integrationId": "ma-destination-guide-6387-primary-workflow-for-destination-guide",
  "isMiniAgentPrimaryWorkflow": true,
  "name": "Primary Workflow for Destination Guide",
  "publisherAccountId": "b5be3cd9-307e-4925-b5e5-db6ff9ea287b",
  "startTaskId": "e7f35e5b-7fca-41f5-9272-ce9ad32af625",
  "status": "Active",
  "tasks": [
    {
      "_id": "e7f35e5b-7fca-41f5-9272-ce9ad32af625",
      "type": "PassThrough",
      "config": {
        "name": "Pass Through",
        "description": "Pass through the input to the output"
      },
      "transitions": [
        {
          "_id": "2385a1ca-a303-4760-8922-d4322e63fa88-e7f35e5b-7fca-41f5-9272-ce9ad32af625",
          "nextTask": "2385a1ca-a303-4760-8922-d4322e63fa88",
          "name": "If query doesnt exists",
          "rules": [
            {
              "type": "any",
              "operator": "notExists",
              "path": "$output.query"
            }
          ]
        },
        {
          "_id": "f401114a-80f2-4efc-a0aa-42610513d063-e7f35e5b-7fca-41f5-9272-ce9ad32af625",
          "nextTask": "f401114a-80f2-4efc-a0aa-42610513d063",
          "name": "If intents are already classified",
          "rules": [
            {
              "type": "any",
              "operator": "exists",
              "path": "$output.intents"
            },
            {
              "type": "any",
              "operator": "exists",
              "path": "$output.query"
            }
          ]
        },
        {
          "_id": "e7f35e5b-7fca-41f5-9272-ce9ad32af625-eedfecb1-d597-4cda-b5a3-574f830ea288",
          "name": "If query exists",
          "nextTask": "eedfecb1-d597-4cda-b5a3-574f830ea288",
          "rules": [
            {
              "type": "any",
              "operator": "exists",
              "path": "$output.query"
            },
            {
              "type": "any",
              "operator": "notExists",
              "path": "$output.intents"
            }
          ]
        }
      ],
      "globalVariables": [
        {
          "name": "query",
          "referencePath": "$input.query"
        },
        {
          "name": "conversationId",
          "referencePath": "$input.conversationId"
        }
      ]
    },
    {
      "_id": "2385a1ca-a303-4760-8922-d4322e63fa88",
      "type": "Input",
      "config": {
        "name": "User Input",
        "description": "Get user input",
        "type": "string"
      },
      "transitions": [
        {
          "_id": "2385a1ca-a303-4760-8922-d4322e63fa88-eedfecb1-d597-4cda-b5a3-574f830ea288",
          "name": "Default",
          "nextTask": "eedfecb1-d597-4cda-b5a3-574f830ea288"
        }
      ],
      "globalVariables": [
        {
          "name": "query",
          "referencePath": "$output.userInput"
        },
        {
          "name": "selfLoopMiniAgent",
          "referencePath": "true"
        }
      ]
    },
    {
      "_id": "eedfecb1-d597-4cda-b5a3-574f830ea288",
      "type": "Loader",
      "config": {
        "name": "Loader",
        "description": "Display loader message",
        "type": "loader",
        "text": "Just a moment... identifying the best approach to assist you."
      },
      "transitions": [
        {
          "_id": "eedfecb1-d597-4cda-b5a3-574f830ea288-e04211b7-17e5-4d39-b050-2459ede7cde5",
          "name": "Default",
          "nextTask": "e04211b7-17e5-4d39-b050-2459ede7cde5"
        }
      ]
    },
    {
      "_id": "e04211b7-17e5-4d39-b050-2459ede7cde5",
      "type": "IntentClassification",
      "config": {
        "name": "Intent Classification",
        "description": "Classify the intent of the user message",
        "modelId": "4cf651d9-edf3-455f-a22e-53cc67fcc07b",
        "intents": [
          {
            "name": "Suggest Places",
            "description": "Recommends popular tourist attractions and activities at the user's destination, tailored to their interests and the time of year.",
            "examples": [
              "What are the must-see places in Rome?",
              "Suggest some activities for a summer trip to Sydney.",
              "What can I do in London during winter?"
            ]
          },
          {
            "name": "Local Events",
            "description": "Informs users about local events, festivals, or special activities happening at their destination during their travel dates.",
            "examples": [
              "Are there any festivals in Barcelona next week?",
              "What events are happening in San Francisco in March?",
              "Tell me about any concerts in Berlin during my visit."
            ]
          }
        ],
        "query": "$agent.query"
      },
      "transitions": [
        {
          "_id": "e04211b7-17e5-4d39-b050-2459ede7cde5-f401114a-80f2-4efc-a0aa-42610513d063",
          "name": "If Intent is Matched",
          "rules": [
            {
              "type": "string",
              "operator": "equal",
              "path": "$output.intentMatched",
              "value": "true"
            }
          ],
          "nextTask": "f401114a-80f2-4efc-a0aa-42610513d063"
        },
        {
          "_id": "e04211b7-17e5-4d39-b050-2459ede7cde5-c231ff6b-8cdf-4aa3-900a-10de542b6b1d",
          "name": "If No Intent is Matched",
          "rules": [
            {
              "type": "string",
              "operator": "equal",
              "path": "$output.intentMatched",
              "value": "false"
            }
          ],
          "nextTask": "c231ff6b-8cdf-4aa3-900a-10de542b6b1d"
        }
      ]
    },
    {
      "_id": "f401114a-80f2-4efc-a0aa-42610513d063",
      "type": "JSFunction",
      "config": {
        "name": "JS Function",
        "description": "Execute JS function",
        "code": "\nconst main = () => {\n    const currentExecutionId = _id;\n    const intents = agent?.icIntents?.[currentExecutionId] || input.intents;\n    const currentIndex = agent?.icLoopIndexes?.[currentExecutionId] || 0;\n    const currentIntent = intents[currentIndex] || {};\n    const { intent, task } = currentIntent;\n    const state = currentIndex === intents.length ? 'end' : 'continue'\n    const icLoopIndexes = { ...(agent?.icLoopIndexes || {}), [_id]: state === 'end' ? undefined : currentIndex + 1 };\n    const icIntents = { ...(agent?.icIntents || {}), [_id]: state === 'end' ? undefined : intents };\n    return { ...input, intent, state: currentIndex === intents.length ? 'end' : 'continue', icLoopIndexes, icIntents, query: task };\n};\n\nmain()\n"
      },
      "globalVariables": [
        {
          "referencePath": "$output.icLoopIndexes",
          "name": "icLoopIndexes"
        },
        {
          "referencePath": "$output.icIntents",
          "name": "icIntents"
        }
      ],
      "transitions": [
        {
          "_id": "f401114a-80f2-4efc-a0aa-42610513d063-15941714-226e-49a9-bdad-c764db242306",
          "name": "If Intent is Matched",
          "rules": [
            {
              "type": "string",
              "operator": "equal",
              "path": "$output.intent",
              "value": "Suggest Places"
            }
          ],
          "nextTask": "15941714-226e-49a9-bdad-c764db242306"
        },
        {
          "_id": "f401114a-80f2-4efc-a0aa-42610513d063-ae1914b1-c8a4-43e3-ab49-a5fa039dc05e",
          "name": "If Intent is Matched",
          "rules": [
            {
              "type": "string",
              "operator": "equal",
              "path": "$output.intent",
              "value": "Local Events"
            }
          ],
          "nextTask": "ae1914b1-c8a4-43e3-ab49-a5fa039dc05e"
        },
        {
          "_id": "f401114a-80f2-4efc-a0aa-42610513d063-2385a1ca-a303-4760-8922-d4322e63fa88",
          "name": "If Self Loop",
          "rules": [
            {
              "type": "string",
              "operator": "equal",
              "path": "$agent.selfLoopMiniAgent",
              "value": "true"
            },
            {
              "type": "string",
              "operator": "equal",
              "path": "$output.state",
              "value": "end"
            }
          ],
          "nextTask": "2385a1ca-a303-4760-8922-d4322e63fa88"
        }
      ]
    },
    {
      "_id": "15941714-226e-49a9-bdad-c764db242306",
      "type": "Workflow",
      "config": {
        "name": "Intent - Suggest Places",
        "description": "Workflow for intent - Suggest Places",
        "workflowId": "89260cb1-632f-4e85-9a86-c6c97b919f61"
      },
      "transitions": [
        {
          "_id": "15941714-226e-49a9-bdad-c764db242306-f401114a-80f2-4efc-a0aa-42610513d063",
          "name": "Mini agent execution completed",
          "nextTask": "f401114a-80f2-4efc-a0aa-42610513d063"
        }
      ]
    },
    {
      "_id": "ae1914b1-c8a4-43e3-ab49-a5fa039dc05e",
      "type": "Workflow",
      "config": {
        "name": "Intent - Local Events",
        "description": "Workflow for intent - Local Events",
        "workflowId": "a6dc5d76-f0db-423e-b51a-8561c6d57529"
      },
      "transitions": [
        {
          "_id": "ae1914b1-c8a4-43e3-ab49-a5fa039dc05e-f401114a-80f2-4efc-a0aa-42610513d063",
          "name": "Mini agent execution completed",
          "nextTask": "f401114a-80f2-4efc-a0aa-42610513d063"
        }
      ]
    },
    {
      "_id": "c231ff6b-8cdf-4aa3-900a-10de542b6b1d",
      "transitions": [
        {
          "_id": "c231ff6b-8cdf-4aa3-900a-10de542b6b1d-2385a1ca-a303-4760-8922-d4322e63fa88",
          "name": "If Self Loop",
          "rules": [
            {
              "type": "string",
              "operator": "equal",
              "path": "$agent.selfLoopMiniAgent",
              "value": "true"
            }
          ],
          "nextTask": "2385a1ca-a303-4760-8922-d4322e63fa88"
        }
      ],
      "type": "Output",
      "config": {
        "name": "Output",
        "description": "Output the response to the user",
        "type": "external",
        "text": "Unable to complete task $agent.query"
      }
    },
    {
      "_id": "29717b3e-a99a-4119-b732-6f614668e1db",
      "transitions": [
        {
          "_id": "29717b3e-a99a-4119-b732-6f614668e1db-2385a1ca-a303-4760-8922-d4322e63fa88",
          "name": "If Self Loop",
          "rules": [
            {
              "type": "string",
              "operator": "equal",
              "path": "$agent.selfLoopMiniAgent",
              "value": "true"
            }
          ],
          "nextTask": "2385a1ca-a303-4760-8922-d4322e63fa88"
        }
      ],
      "type": "Display",
      "config": {
        "name": "Display",
        "description": "Display the response to the user",
        "type": "text",
        "text": "$input.content"
      }
    }
  ],
  "type": "Conversational",
  "version": "latest"
}