{
  "_id": "2aa0eae9-96bd-47e8-b86a-ae05cc45ee0a",
  "aiPersonaId": "d7091f0c-6dfd-4879-8c24-e3d77fa2f3f9",
  "integrationId": "ma-itinerary-planner-3874-primary-workflow-for-itinerary-planner",
  "isMiniAgentPrimaryWorkflow": true,
  "name": "Primary Workflow for Itinerary Planner",
  "publisherAccountId": "b5be3cd9-307e-4925-b5e5-db6ff9ea287b",
  "startTaskId": "1df8d10b-c2b6-49bd-87d8-a30f9b4a5b75",
  "status": "Active",
  "tasks": [
    {
      "_id": "1df8d10b-c2b6-49bd-87d8-a30f9b4a5b75",
      "type": "PassThrough",
      "config": {
        "name": "Pass Through",
        "description": "Pass through the input to the output"
      },
      "transitions": [
        {
          "_id": "fabbdb4e-830b-4d52-9f36-386d45ac60fa-1df8d10b-c2b6-49bd-87d8-a30f9b4a5b75",
          "nextTask": "fabbdb4e-830b-4d52-9f36-386d45ac60fa",
          "name": "If query doesnt exists",
          "rules": [
            {
              "type": "any",
              "operator": "notExists",
              "path": "$output.query"
            }
          ]
        },
        {
          "_id": "410317d5-7162-4b86-9cf3-69b7ab40f495-1df8d10b-c2b6-49bd-87d8-a30f9b4a5b75",
          "nextTask": "410317d5-7162-4b86-9cf3-69b7ab40f495",
          "name": "If intents are already classified",
          "rules": [
            {
              "type": "any",
              "operator": "exists",
              "path": "$output.intents"
            },
            {
              "type": "any",
              "operator": "exists",
              "path": "$output.query"
            }
          ]
        },
        {
          "_id": "1df8d10b-c2b6-49bd-87d8-a30f9b4a5b75-61f6de88-0660-4af0-9b32-f1b7fe1eab20",
          "name": "If query exists",
          "nextTask": "61f6de88-0660-4af0-9b32-f1b7fe1eab20",
          "rules": [
            {
              "type": "any",
              "operator": "exists",
              "path": "$output.query"
            },
            {
              "type": "any",
              "operator": "notExists",
              "path": "$output.intents"
            }
          ]
        }
      ],
      "globalVariables": [
        {
          "name": "query",
          "referencePath": "$input.query"
        },
        {
          "name": "conversationId",
          "referencePath": "$input.conversationId"
        }
      ]
    },
    {
      "_id": "fabbdb4e-830b-4d52-9f36-386d45ac60fa",
      "type": "Input",
      "config": {
        "name": "User Input",
        "description": "Get user input",
        "type": "string"
      },
      "transitions": [
        {
          "_id": "fabbdb4e-830b-4d52-9f36-386d45ac60fa-61f6de88-0660-4af0-9b32-f1b7fe1eab20",
          "name": "Default",
          "nextTask": "61f6de88-0660-4af0-9b32-f1b7fe1eab20"
        }
      ],
      "globalVariables": [
        {
          "name": "query",
          "referencePath": "$output.userInput"
        },
        {
          "name": "selfLoopMiniAgent",
          "referencePath": "true"
        }
      ]
    },
    {
      "_id": "61f6de88-0660-4af0-9b32-f1b7fe1eab20",
      "type": "Loader",
      "config": {
        "name": "Loader",
        "description": "Display loader message",
        "type": "loader",
        "text": "Just a moment... identifying the best approach to assist you."
      },
      "transitions": [
        {
          "_id": "61f6de88-0660-4af0-9b32-f1b7fe1eab20-f9112636-eb0f-4cf3-8db8-2a65d4429b76",
          "name": "Default",
          "nextTask": "f9112636-eb0f-4cf3-8db8-2a65d4429b76"
        }
      ]
    },
    {
      "_id": "f9112636-eb0f-4cf3-8db8-2a65d4429b76",
      "type": "IntentClassification",
      "config": {
        "name": "Intent Classification",
        "description": "Classify the intent of the user message",
        "modelId": "4cf651d9-edf3-455f-a22e-53cc67fcc07b",
        "intents": [
          {
            "name": "Create Itinerary",
            "description": "Generates a day-by-day travel itinerary for the user, considering their destination, travel duration, and preferences.",
            "examples": [
              "Can you help me plan a 5-day trip to Paris?",
              "I need an itinerary for my vacation in Tokyo.",
              "Plan my week-long trip to New York with activities and accommodations."
            ]
          },
          {
            "name": "Modify Itinerary",
            "description": "Allows users to make changes to their existing travel itinerary, such as adding or removing activities or changing accommodations.",
            "examples": [
              "Add a museum visit to my itinerary.",
              "Remove the city tour from my schedule.",
              "Change my hotel booking to a different location."
            ]
          }
        ],
        "query": "$agent.query"
      },
      "transitions": [
        {
          "_id": "f9112636-eb0f-4cf3-8db8-2a65d4429b76-410317d5-7162-4b86-9cf3-69b7ab40f495",
          "name": "If Intent is Matched",
          "rules": [
            {
              "type": "string",
              "operator": "equal",
              "path": "$output.intentMatched",
              "value": "true"
            }
          ],
          "nextTask": "410317d5-7162-4b86-9cf3-69b7ab40f495"
        },
        {
          "_id": "f9112636-eb0f-4cf3-8db8-2a65d4429b76-01038b15-9420-46d1-b1af-65920bdf471d",
          "name": "If No Intent is Matched",
          "rules": [
            {
              "type": "string",
              "operator": "equal",
              "path": "$output.intentMatched",
              "value": "false"
            }
          ],
          "nextTask": "01038b15-9420-46d1-b1af-65920bdf471d"
        }
      ]
    },
    {
      "_id": "410317d5-7162-4b86-9cf3-69b7ab40f495",
      "type": "JSFunction",
      "config": {
        "name": "JS Function",
        "description": "Execute JS function",
        "code": "\nconst main = () => {\n    const currentExecutionId = _id;\n    const intents = agent?.icIntents?.[currentExecutionId] || input.intents;\n    const currentIndex = agent?.icLoopIndexes?.[currentExecutionId] || 0;\n    const currentIntent = intents[currentIndex] || {};\n    const { intent, task } = currentIntent;\n    const state = currentIndex === intents.length ? 'end' : 'continue'\n    const icLoopIndexes = { ...(agent?.icLoopIndexes || {}), [_id]: state === 'end' ? undefined : currentIndex + 1 };\n    const icIntents = { ...(agent?.icIntents || {}), [_id]: state === 'end' ? undefined : intents };\n    return { ...input, intent, state: currentIndex === intents.length ? 'end' : 'continue', icLoopIndexes, icIntents, query: task };\n};\n\nmain()\n"
      },
      "globalVariables": [
        {
          "referencePath": "$output.icLoopIndexes",
          "name": "icLoopIndexes"
        },
        {
          "referencePath": "$output.icIntents",
          "name": "icIntents"
        }
      ],
      "transitions": [
        {
          "_id": "410317d5-7162-4b86-9cf3-69b7ab40f495-9775530b-0f81-49fb-99f0-a63a765740fb",
          "name": "If Intent is Matched",
          "rules": [
            {
              "type": "string",
              "operator": "equal",
              "path": "$output.intent",
              "value": "Create Itinerary"
            }
          ],
          "nextTask": "9775530b-0f81-49fb-99f0-a63a765740fb"
        },
        {
          "_id": "410317d5-7162-4b86-9cf3-69b7ab40f495-40a82b9c-dedb-4a8f-9c1a-0281e2d53ba4",
          "name": "If Intent is Matched",
          "rules": [
            {
              "type": "string",
              "operator": "equal",
              "path": "$output.intent",
              "value": "Modify Itinerary"
            }
          ],
          "nextTask": "40a82b9c-dedb-4a8f-9c1a-0281e2d53ba4"
        },
        {
          "_id": "410317d5-7162-4b86-9cf3-69b7ab40f495-fabbdb4e-830b-4d52-9f36-386d45ac60fa",
          "name": "If Self Loop",
          "rules": [
            {
              "type": "string",
              "operator": "equal",
              "path": "$agent.selfLoopMiniAgent",
              "value": "true"
            },
            {
              "type": "string",
              "operator": "equal",
              "path": "$output.state",
              "value": "end"
            }
          ],
          "nextTask": "fabbdb4e-830b-4d52-9f36-386d45ac60fa"
        }
      ]
    },
    {
      "_id": "9775530b-0f81-49fb-99f0-a63a765740fb",
      "type": "Workflow",
      "config": {
        "name": "Intent - Create Itinerary",
        "description": "Workflow for intent - Create Itinerary",
        "workflowId": "b39f87d5-f3ba-4699-8728-d5d2e1674db6"
      },
      "transitions": [
        {
          "_id": "9775530b-0f81-49fb-99f0-a63a765740fb-410317d5-7162-4b86-9cf3-69b7ab40f495",
          "name": "Mini agent execution completed",
          "nextTask": "410317d5-7162-4b86-9cf3-69b7ab40f495"
        }
      ]
    },
    {
      "_id": "40a82b9c-dedb-4a8f-9c1a-0281e2d53ba4",
      "type": "Workflow",
      "config": {
        "name": "Intent - Modify Itinerary",
        "description": "Workflow for intent - Modify Itinerary",
        "workflowId": "7820679d-a4b5-47ff-8241-a481b7e6bef1"
      },
      "transitions": [
        {
          "_id": "40a82b9c-dedb-4a8f-9c1a-0281e2d53ba4-410317d5-7162-4b86-9cf3-69b7ab40f495",
          "name": "Mini agent execution completed",
          "nextTask": "410317d5-7162-4b86-9cf3-69b7ab40f495"
        }
      ]
    },
    {
      "_id": "01038b15-9420-46d1-b1af-65920bdf471d",
      "transitions": [
        {
          "_id": "01038b15-9420-46d1-b1af-65920bdf471d-fabbdb4e-830b-4d52-9f36-386d45ac60fa",
          "name": "If Self Loop",
          "rules": [
            {
              "type": "string",
              "operator": "equal",
              "path": "$agent.selfLoopMiniAgent",
              "value": "true"
            }
          ],
          "nextTask": "fabbdb4e-830b-4d52-9f36-386d45ac60fa"
        }
      ],
      "type": "Output",
      "config": {
        "name": "Output",
        "description": "Output the response to the user",
        "type": "external",
        "text": "Unable to complete task $agent.query"
      }
    },
    {
      "_id": "301c2d87-b548-4d9a-a997-35f2306405df",
      "transitions": [
        {
          "_id": "301c2d87-b548-4d9a-a997-35f2306405df-fabbdb4e-830b-4d52-9f36-386d45ac60fa",
          "name": "If Self Loop",
          "rules": [
            {
              "type": "string",
              "operator": "equal",
              "path": "$agent.selfLoopMiniAgent",
              "value": "true"
            }
          ],
          "nextTask": "fabbdb4e-830b-4d52-9f36-386d45ac60fa"
        }
      ],
      "type": "Display",
      "config": {
        "name": "Display",
        "description": "Display the response to the user",
        "type": "text",
        "text": "$input.content"
      }
    }
  ],
  "type": "Conversational",
  "version": "latest"
}