{
  "_id": "d5c624d3-45d9-44e9-9cdf-e12906ceab75",
  "aiPersonaId": "d7091f0c-6dfd-4879-8c24-e3d77fa2f3f9",
  "integrationId": "ma-packing-assistant-8675-primary-workflow-for-packing-assistant",
  "isMiniAgentPrimaryWorkflow": true,
  "name": "Primary Workflow for Packing Assistant",
  "publisherAccountId": "b5be3cd9-307e-4925-b5e5-db6ff9ea287b",
  "startTaskId": "47cce859-0aab-4c5d-81d5-1d0dd2a6b737",
  "status": "Active",
  "tasks": [
    {
      "_id": "47cce859-0aab-4c5d-81d5-1d0dd2a6b737",
      "type": "PassThrough",
      "config": {
        "name": "Pass Through",
        "description": "Pass through the input to the output"
      },
      "transitions": [
        {
          "_id": "5b7e5774-5f02-42bd-a782-959b5250fe32-47cce859-0aab-4c5d-81d5-1d0dd2a6b737",
          "nextTask": "5b7e5774-5f02-42bd-a782-959b5250fe32",
          "name": "If query doesnt exists",
          "rules": [
            {
              "type": "any",
              "operator": "notExists",
              "path": "$output.query"
            }
          ]
        },
        {
          "_id": "fb23314b-bf10-44e0-9b77-8df39f452634-47cce859-0aab-4c5d-81d5-1d0dd2a6b737",
          "nextTask": "fb23314b-bf10-44e0-9b77-8df39f452634",
          "name": "If intents are already classified",
          "rules": [
            {
              "type": "any",
              "operator": "exists",
              "path": "$output.intents"
            },
            {
              "type": "any",
              "operator": "exists",
              "path": "$output.query"
            }
          ]
        },
        {
          "_id": "47cce859-0aab-4c5d-81d5-1d0dd2a6b737-882ea344-4a7b-4e4a-a4fb-47fb32032274",
          "name": "If query exists",
          "nextTask": "882ea344-4a7b-4e4a-a4fb-47fb32032274",
          "rules": [
            {
              "type": "any",
              "operator": "exists",
              "path": "$output.query"
            },
            {
              "type": "any",
              "operator": "notExists",
              "path": "$output.intents"
            }
          ]
        }
      ],
      "globalVariables": [
        {
          "name": "query",
          "referencePath": "$input.query"
        },
        {
          "name": "conversationId",
          "referencePath": "$input.conversationId"
        }
      ]
    },
    {
      "_id": "5b7e5774-5f02-42bd-a782-959b5250fe32",
      "type": "Input",
      "config": {
        "name": "User Input",
        "description": "Get user input",
        "type": "string"
      },
      "transitions": [
        {
          "_id": "5b7e5774-5f02-42bd-a782-959b5250fe32-882ea344-4a7b-4e4a-a4fb-47fb32032274",
          "name": "Default",
          "nextTask": "882ea344-4a7b-4e4a-a4fb-47fb32032274"
        }
      ],
      "globalVariables": [
        {
          "name": "query",
          "referencePath": "$output.userInput"
        },
        {
          "name": "selfLoopMiniAgent",
          "referencePath": "true"
        }
      ]
    },
    {
      "_id": "882ea344-4a7b-4e4a-a4fb-47fb32032274",
      "type": "Loader",
      "config": {
        "name": "Loader",
        "description": "Display loader message",
        "type": "loader",
        "text": "Just a moment... identifying the best approach to assist you."
      },
      "transitions": [
        {
          "_id": "882ea344-4a7b-4e4a-a4fb-47fb32032274-97839302-baeb-462e-b207-c87765fed98a",
          "name": "Default",
          "nextTask": "97839302-baeb-462e-b207-c87765fed98a"
        }
      ]
    },
    {
      "_id": "97839302-baeb-462e-b207-c87765fed98a",
      "type": "IntentClassification",
      "config": {
        "name": "Intent Classification",
        "description": "Classify the intent of the user message",
        "modelId": "4cf651d9-edf3-455f-a22e-53cc67fcc07b",
        "intents": [
          {
            "name": "Generate Packing List",
            "description": "Creates a comprehensive packing list for the user, considering the destination's climate, travel duration, and personal needs.",
            "examples": [
              "What should I pack for a week in Hawaii?",
              "Help me with a packing list for my winter trip to Canada.",
              "What do I need to bring for a business trip to Singapore?"
            ]
          },
          {
            "name": "Update Packing List",
            "description": "Allows users to update their packing list by adding or removing items based on changes in their travel plans or preferences.",
            "examples": [
              "Add a raincoat to my packing list.",
              "Remove the hiking boots from my list.",
              "Update my list for a longer stay."
            ]
          }
        ],
        "query": "$agent.query"
      },
      "transitions": [
        {
          "_id": "97839302-baeb-462e-b207-c87765fed98a-fb23314b-bf10-44e0-9b77-8df39f452634",
          "name": "If Intent is Matched",
          "rules": [
            {
              "type": "string",
              "operator": "equal",
              "path": "$output.intentMatched",
              "value": "true"
            }
          ],
          "nextTask": "fb23314b-bf10-44e0-9b77-8df39f452634"
        },
        {
          "_id": "97839302-baeb-462e-b207-c87765fed98a-315a471d-a51b-4fa1-8349-5f07891b2f00",
          "name": "If No Intent is Matched",
          "rules": [
            {
              "type": "string",
              "operator": "equal",
              "path": "$output.intentMatched",
              "value": "false"
            }
          ],
          "nextTask": "315a471d-a51b-4fa1-8349-5f07891b2f00"
        }
      ]
    },
    {
      "_id": "fb23314b-bf10-44e0-9b77-8df39f452634",
      "type": "JSFunction",
      "config": {
        "name": "JS Function",
        "description": "Execute JS function",
        "code": "\nconst main = () => {\n    const currentExecutionId = _id;\n    const intents = agent?.icIntents?.[currentExecutionId] || input.intents;\n    const currentIndex = agent?.icLoopIndexes?.[currentExecutionId] || 0;\n    const currentIntent = intents[currentIndex] || {};\n    const { intent, task } = currentIntent;\n    const state = currentIndex === intents.length ? 'end' : 'continue'\n    const icLoopIndexes = { ...(agent?.icLoopIndexes || {}), [_id]: state === 'end' ? undefined : currentIndex + 1 };\n    const icIntents = { ...(agent?.icIntents || {}), [_id]: state === 'end' ? undefined : intents };\n    return { ...input, intent, state: currentIndex === intents.length ? 'end' : 'continue', icLoopIndexes, icIntents, query: task };\n};\n\nmain()\n"
      },
      "globalVariables": [
        {
          "referencePath": "$output.icLoopIndexes",
          "name": "icLoopIndexes"
        },
        {
          "referencePath": "$output.icIntents",
          "name": "icIntents"
        }
      ],
      "transitions": [
        {
          "_id": "fb23314b-bf10-44e0-9b77-8df39f452634-2919e83a-d2b3-4f63-aa01-2d5286b42352",
          "name": "If Intent is Matched",
          "rules": [
            {
              "type": "string",
              "operator": "equal",
              "path": "$output.intent",
              "value": "Generate Packing List"
            }
          ],
          "nextTask": "2919e83a-d2b3-4f63-aa01-2d5286b42352"
        },
        {
          "_id": "fb23314b-bf10-44e0-9b77-8df39f452634-099149eb-688f-4fb5-8944-331e37100f6d",
          "name": "If Intent is Matched",
          "rules": [
            {
              "type": "string",
              "operator": "equal",
              "path": "$output.intent",
              "value": "Update Packing List"
            }
          ],
          "nextTask": "099149eb-688f-4fb5-8944-331e37100f6d"
        },
        {
          "_id": "fb23314b-bf10-44e0-9b77-8df39f452634-5b7e5774-5f02-42bd-a782-959b5250fe32",
          "name": "If Self Loop",
          "rules": [
            {
              "type": "string",
              "operator": "equal",
              "path": "$agent.selfLoopMiniAgent",
              "value": "true"
            },
            {
              "type": "string",
              "operator": "equal",
              "path": "$output.state",
              "value": "end"
            }
          ],
          "nextTask": "5b7e5774-5f02-42bd-a782-959b5250fe32"
        }
      ]
    },
    {
      "_id": "2919e83a-d2b3-4f63-aa01-2d5286b42352",
      "type": "Workflow",
      "config": {
        "name": "Intent - Generate Packing List",
        "description": "Workflow for intent - Generate Packing List",
        "workflowId": "09ec376e-6ca1-4122-a841-07cb2ab124c3"
      },
      "transitions": [
        {
          "_id": "2919e83a-d2b3-4f63-aa01-2d5286b42352-fb23314b-bf10-44e0-9b77-8df39f452634",
          "name": "Mini agent execution completed",
          "nextTask": "fb23314b-bf10-44e0-9b77-8df39f452634"
        }
      ]
    },
    {
      "_id": "099149eb-688f-4fb5-8944-331e37100f6d",
      "type": "Workflow",
      "config": {
        "name": "Intent - Update Packing List",
        "description": "Workflow for intent - Update Packing List",
        "workflowId": "07dcafe5-db8f-42da-8e23-997c9be92641"
      },
      "transitions": [
        {
          "_id": "099149eb-688f-4fb5-8944-331e37100f6d-fb23314b-bf10-44e0-9b77-8df39f452634",
          "name": "Mini agent execution completed",
          "nextTask": "fb23314b-bf10-44e0-9b77-8df39f452634"
        }
      ]
    },
    {
      "_id": "315a471d-a51b-4fa1-8349-5f07891b2f00",
      "transitions": [
        {
          "_id": "315a471d-a51b-4fa1-8349-5f07891b2f00-5b7e5774-5f02-42bd-a782-959b5250fe32",
          "name": "If Self Loop",
          "rules": [
            {
              "type": "string",
              "operator": "equal",
              "path": "$agent.selfLoopMiniAgent",
              "value": "true"
            }
          ],
          "nextTask": "5b7e5774-5f02-42bd-a782-959b5250fe32"
        }
      ],
      "type": "Output",
      "config": {
        "name": "Output",
        "description": "Output the response to the user",
        "type": "external",
        "text": "Unable to complete task $agent.query"
      }
    },
    {
      "_id": "d6380cde-acc7-4ad9-b437-3b820381cd0d",
      "transitions": [
        {
          "_id": "d6380cde-acc7-4ad9-b437-3b820381cd0d-5b7e5774-5f02-42bd-a782-959b5250fe32",
          "name": "If Self Loop",
          "rules": [
            {
              "type": "string",
              "operator": "equal",
              "path": "$agent.selfLoopMiniAgent",
              "value": "true"
            }
          ],
          "nextTask": "5b7e5774-5f02-42bd-a782-959b5250fe32"
        }
      ],
      "type": "Display",
      "config": {
        "name": "Display",
        "description": "Display the response to the user",
        "type": "text",
        "text": "$input.content"
      }
    }
  ],
  "type": "Conversational",
  "version": "latest"
}