{
  "_id": "7820679d-a4b5-47ff-8241-a481b7e6bef1",
  "aiPersonaId": "d7091f0c-6dfd-4879-8c24-e3d77fa2f3f9",
  "integrationId": "modify-itinerary-3711",
  "name": "Workflow for Modify Itinerary",
  "publisherAccountId": "b5be3cd9-307e-4925-b5e5-db6ff9ea287b",
  "startTaskId": "5690c0a3-4921-484d-b43c-7ef923955dca",
  "status": "Active",
  "tasks": [
    {
      "_id": "5690c0a3-4921-484d-b43c-7ef923955dca",
      "transitions": [],
      "type": "Display",
      "config": {
        "name": "Display",
        "description": "Display the response to the user",
        "type": "text",
        "text": "Hi there! Intent $input.intent has been matched"
      }
    }
  ],
  "type": "Conversational",
  "version": "latest"
}