{
  "_id": "89260cb1-632f-4e85-9a86-c6c97b919f61",
  "aiPersonaId": "d7091f0c-6dfd-4879-8c24-e3d77fa2f3f9",
  "integrationId": "suggest-places-5999",
  "name": "Workflow for Suggest Places",
  "publisherAccountId": "b5be3cd9-307e-4925-b5e5-db6ff9ea287b",
  "startTaskId": "1742807720000",
  "status": "Active",
  "tasks": [
    {
      "_id": "79572188-e32e-407d-859b-4a8be532496d",
      "type": "Display",
      "config": {
        "description": "Display the response to the user",
        "name": "Display",
        "type": "text",
        "text": "<p><span class=\"text-inherit p-0 m-0 text-primary-dark bg-primary-light/80\" data-type=\"mention\" data-id=\"input.content\">$input.content</span> </p>",
        "formatVariables": []
      },
      "transitions": []
    },
    {
      "_id": "1742807720000",
      "type": "Loader",
      "config": {
        "description": "Show loading messages in conversation",
        "name": "Loader",
        "text": "Finding the best travel destinations for you... Please wait!"
      },
      "transitions": [
        {
          "name": "Default",
          "_id": "1742807720000-1742807725960",
          "nextTask": "1742807725960"
        }
      ]
    },
    {
      "_id": "1742807725960",
      "type": "Input",
      "config": {
        "description": "Take user input",
        "name": "Input",
        "type": "string"
      },
      "transitions": [
        {
          "name": "Default",
          "_id": "1742807725960-1742807733132",
          "nextTask": "1742807733132"
        }
      ]
    },
    {
      "_id": "1742807733132",
      "type": "Prompt",
      "config": {
        "description": "Prompt for LLM",
        "name": "Prompt",
        "modelId": "44a9dd9e-8729-4781-968c-07029dc857cc",
        "base64DocumentData": "",
        "documentIds": "",
        "responseFormat": "text",
        "query": "Suggest 3-5 travel destinations based on: - Budget: {User Budget} - Interests: {User Interests} - Preferred Region: {User Location} - Travel Duration: {User Travel Duration} days ",
        "systemPrompt": "You are an AI travel assistant that recommends destinations based on user preferences.  \nYour task is to suggest 3-5 travel destinations based on budget, interests, and travel duration.\n\nOutput Structure:\n- Destination Name\n- Why Visit: Unique features and attractions\n- Estimated Budget: Low, Medium, High\n- Best Activities: Things to do\n- Travel Tips: Best time to visit, local food, cultural insights\n\nGuidelines:\n- Ensure the recommendations match the user's preferences.\n- Include diverse options (e.g., urban, nature, adventure).\n- Highlight unique aspects of each place.\n- If the user has no preference, suggest trending destinations.",
        "temperature": null
      },
      "transitions": [
        {
          "name": "Default",
          "_id": "1742807733132-79572188-e32e-407d-859b-4a8be532496d",
          "nextTask": "79572188-e32e-407d-859b-4a8be532496d"
        }
      ]
    }
  ],
  "type": "Conversational",
  "version": "latest",
  "reactflow": {
    "viewport": {
      "x": 256.29359576314994,
      "y": 112.78243129646901,
      "zoom": 0.6788544414524773
    },
    "nodes": [
      {
        "id": "0",
        "type": "Start",
        "position": {
          "x": 360,
          "y": 400
        },
        "data": {},
        "deletable": false,
        "measured": {
          "width": 301,
          "height": 136
        },
        "selected": false
      },
      {
        "position": {
          "x": 923.3333475972383,
          "y": 506.53860330175064
        },
        "type": "Display",
        "id": "79572188-e32e-407d-859b-4a8be532496d",
        "data": {},
        "measured": {
          "width": 298,
          "height": 78
        },
        "selected": false,
        "dragging": false
      },
      {
        "position": {
          "x": 432.03502318097236,
          "y": 114.3529149805126
        },
        "type": "Loader",
        "id": "1742807720000",
        "data": {},
        "measured": {
          "width": 320,
          "height": 78
        },
        "selected": false,
        "dragging": false
      },
      {
        "position": {
          "x": 942.4832554511004,
          "y": 114.3529149805126
        },
        "type": "Input",
        "id": "1742807725960",
        "data": {},
        "measured": {
          "width": 260,
          "height": 78
        },
        "selected": false,
        "dragging": false
      },
      {
        "position": {
          "x": 942.4832554511004,
          "y": 293.33220096970416
        },
        "type": "Prompt",
        "id": "1742807733132",
        "data": {},
        "measured": {
          "width": 260,
          "height": 78
        },
        "selected": false,
        "dragging": false
      }
    ],
    "edges": [
      {
        "id": "xy-edge__00-source-1-17428077200001742807720000-target-1",
        "type": "Start",
        "source": "0",
        "target": "1742807720000",
        "markerEnd": {
          "type": "arrowclosed",
          "width": 22,
          "height": 22
        },
        "sourceHandle": "0-source-1",
        "selected": false,
        "targetHandle": "1742807720000-target-1"
      },
      {
        "type": "Transition",
        "id": "1742807720000-1742807725960",
        "source": "1742807720000",
        "target": "1742807725960",
        "markerEnd": {
          "type": "arrowclosed",
          "width": 22,
          "height": 22
        },
        "sourceHandle": "1742807720000-source-1",
        "targetHandle": "1742807725960-target-1",
        "selected": false
      },
      {
        "type": "Transition",
        "id": "1742807725960-1742807733132",
        "source": "1742807725960",
        "target": "1742807733132",
        "markerEnd": {
          "type": "arrowclosed",
          "width": 22,
          "height": 22
        },
        "sourceHandle": "1742807725960-source-3",
        "targetHandle": "1742807733132-target-2",
        "selected": false
      },
      {
        "type": "Transition",
        "id": "1742807733132-79572188-e32e-407d-859b-4a8be532496d",
        "source": "1742807733132",
        "target": "79572188-e32e-407d-859b-4a8be532496d",
        "markerEnd": {
          "type": "arrowclosed",
          "width": 22,
          "height": 22
        },
        "sourceHandle": "1742807733132-source-3",
        "targetHandle": "79572188-e32e-407d-859b-4a8be532496d-target-2",
        "selected": false
      }
    ]
  }
}