{
  "_id": "07dcafe5-db8f-42da-8e23-997c9be92641",
  "aiPersonaId": "d7091f0c-6dfd-4879-8c24-e3d77fa2f3f9",
  "integrationId": "update-packing-list-8284",
  "name": "Workflow for Update Packing List",
  "publisherAccountId": "b5be3cd9-307e-4925-b5e5-db6ff9ea287b",
  "startTaskId": "1742804468509",
  "status": "Active",
  "tasks": [
    {
      "_id": "b3891fe2-06b4-4857-b1e2-6c4d7b1ff979",
      "type": "Display",
      "config": {
        "description": "Display the response to the user",
        "name": "Display",
        "type": "text",
        "text": "<p><span class=\"text-inherit p-0 m-0 text-primary-dark bg-primary-light/80\" data-type=\"mention\" data-id=\"input.content\">$input.content</span> </p>",
        "formatVariables": []
      },
      "transitions": []
    },
    {
      "_id": "1742804468509",
      "type": "Loader",
      "config": {
        "description": "Show loading messages in conversation",
        "name": "Loader",
        "text": "Analyzing your travel details... Packing list will be ready soon!"
      },
      "transitions": [
        {
          "name": "Default",
          "_id": "1742804468509-1742804485169",
          "nextTask": "1742804485169"
        }
      ]
    },
    {
      "_id": "1742804485169",
      "type": "Input",
      "config": {
        "description": "Take user input",
        "name": "Input",
        "type": "string"
      },
      "transitions": [
        {
          "name": "Default",
          "_id": "1742804485169-1742804493393",
          "nextTask": "1742804493393"
        }
      ]
    },
    {
      "_id": "1742804493393",
      "type": "Prompt",
      "config": {
        "description": "Prompt for LLM",
        "name": "Prompt",
        "modelId": "44a9dd9e-8729-4781-968c-07029dc857cc",
        "systemPrompt": "You are an AI assistant specialized in managing and updating packing lists for various types of trips. Your task is to analyze user-provided details and generate a structured packing list, ensuring all essential items are included based on trip duration, location, climate, activities, and personal preferences.\n\nOutput Structure:\nBrief Overview – Summarize the trip details based on user input.\n\nPacking List Categories:\nClothing – Suitable outfits for the weather and activities.\nToiletries – Essential hygiene and skincare items.\nElectronics – Devices and accessories needed.\nDocuments – Passports, IDs, tickets, reservations, etc.\nMiscellaneous – Snacks, first aid, travel essentials.\n\nGuidelines:\nEnsure recommendations are tailored to trip details.\nSuggest optional items for convenience and emergencies.\nKeep responses structured and easy to follow.\nIf any details are unclear, prompt the user for more information.",
        "base64DocumentData": "",
        "documentIds": "",
        "responseFormat": "text",
        "query": "I'm going on a 5-day hiking trip in the mountains. What should I pack?",
        "temperature": null
      },
      "transitions": [
        {
          "name": "Default",
          "_id": "1742804493393-b3891fe2-06b4-4857-b1e2-6c4d7b1ff979",
          "nextTask": "b3891fe2-06b4-4857-b1e2-6c4d7b1ff979"
        }
      ]
    }
  ],
  "type": "Conversational",
  "version": "latest",
  "reactflow": {
    "viewport": {
      "x": 253.0963177243525,
      "y": 86.35117404681898,
      "zoom": 0.5350186175973124
    },
    "nodes": [
      {
        "id": "0",
        "type": "Start",
        "position": {
          "x": 360,
          "y": 400
        },
        "data": {},
        "deletable": false,
        "measured": {
          "width": 301,
          "height": 136
        },
        "selected": false
      },
      {
        "position": {
          "x": 1161.484139696719,
          "y": 549.5275068356834
        },
        "type": "Display",
        "id": "b3891fe2-06b4-4857-b1e2-6c4d7b1ff979",
        "data": {},
        "measured": {
          "width": 298,
          "height": 78
        },
        "selected": false,
        "dragging": false
      },
      {
        "position": {
          "x": 661,
          "y": 53.571283780443935
        },
        "type": "Loader",
        "id": "1742804468509",
        "data": {},
        "measured": {
          "width": 320,
          "height": 78
        },
        "selected": false,
        "dragging": false
      },
      {
        "position": {
          "x": 1179.7086894491144,
          "y": 53.571283780443935
        },
        "type": "Input",
        "id": "1742804485169",
        "data": {},
        "measured": {
          "width": 260,
          "height": 78
        },
        "selected": false,
        "dragging": false
      },
      {
        "position": {
          "x": 1179.7086894491144,
          "y": 304.4237984482942
        },
        "type": "Prompt",
        "id": "1742804493393",
        "data": {},
        "measured": {
          "width": 260,
          "height": 78
        },
        "selected": false,
        "dragging": false
      }
    ],
    "edges": [
      {
        "id": "xy-edge__00-source-1-17428044685091742804468509-target-1",
        "type": "Start",
        "source": "0",
        "target": "1742804468509",
        "markerEnd": {
          "type": "arrowclosed",
          "width": 22,
          "height": 22
        },
        "sourceHandle": "0-source-1",
        "selected": false,
        "targetHandle": "1742804468509-target-1"
      },
      {
        "type": "Transition",
        "id": "1742804468509-1742804485169",
        "source": "1742804468509",
        "target": "1742804485169",
        "markerEnd": {
          "type": "arrowclosed",
          "width": 22,
          "height": 22
        },
        "sourceHandle": "1742804468509-source-1",
        "targetHandle": "1742804485169-target-1",
        "selected": false
      },
      {
        "type": "Transition",
        "id": "1742804485169-1742804493393",
        "source": "1742804485169",
        "target": "1742804493393",
        "markerEnd": {
          "type": "arrowclosed",
          "width": 22,
          "height": 22
        },
        "sourceHandle": "1742804485169-source-3",
        "targetHandle": "1742804493393-target-2",
        "selected": false
      },
      {
        "type": "Transition",
        "id": "1742804493393-b3891fe2-06b4-4857-b1e2-6c4d7b1ff979",
        "source": "1742804493393",
        "target": "b3891fe2-06b4-4857-b1e2-6c4d7b1ff979",
        "markerEnd": {
          "type": "arrowclosed",
          "width": 22,
          "height": 22
        },
        "sourceHandle": "1742804493393-source-3",
        "targetHandle": "b3891fe2-06b4-4857-b1e2-6c4d7b1ff979-target-2",
        "selected": false
      }
    ]
  }
}